Sitio,sub-Sitio,fecha,transecto,profundidad,temp,IR,D_mexicanum,E_thouarsii,mass_alga,coral_sp
I_Plata,Palo Santo,17-10-13,1,8,24,1.5,3,7,0.445526882,3
I_Plata,Palo Santo,17-10-13,2,8,24,1.5,4,5,0.445526882,3
I_Plata,Palo Santo,17-10-13,3,8,24,1.5,2,1,0.445526882,3
I_Plata,Palo Santo,17-10-13,4,8,24,1.5,3,3,0.445526882,3
I_Plata,Palo Santo,17-10-13,5,8,24,1.5,2,15,0.445526882,3
I_Plata,Palo Santo,17-10-13,6,8,24,1.8,2,3,0.445526882,3
I_Plata,Palo Santo,17-10-13,7,8,24,1.8,2,15,0.445526882,3
I_Plata,Palo Santo,17-10-13,8,8,24,1.8,6,8,0.445526882,3
I_Plata,Palo Santo,17-10-13,9,8,24,1.8,12,15,0.445526882,3
I_Plata,Palo Santo,17-10-13,10,8,24,2.8,25,15,0.445526882,3
I_Plata,Palo Santo,17-10-13,11,8,24,2.8,14,16,0.445526882,3
I_Plata,Palo Santo,17-10-13,12,8,24,2.8,7,8,0.445526882,3
I_Plata,Palo Santo,17-10-13,13,8,24,2.1,1,8,0.445526882,3
I_Plata,Palo Santo,17-10-13,14,8,24,2.1,17,11,0.445526882,3
I_Plata,Palo Santo,17-10-13,15,8,24,2.1,9,9,0.445526882,3
I_Plata,Palo Santo,17-10-13,16,8,24,2.1,7,5,0.445526882,3
I_Plata,Bahia Drake,17-10-13,1,8,24,2.1,0,4,0.445526882,5
I_Plata,Bahia Drake,17-10-13,2,8,24,2.1,0,4,0.445526882,5
I_Plata,Bahia Drake,17-10-13,3,8,24,2.1,0,1,0.445526882,5
I_Plata,Bahia Drake,17-10-13,4,8,24,2.1,0,6,0.445526882,5
I_Plata,Bahia Drake,17-10-13,5,8,24,2.1,0,5,0.445526882,5
I_Plata,Bahia Drake,17-10-13,6,8,24,2.1,0,3,0.445526882,5
I_Plata,Bahia Drake,17-10-13,7,8,24,1.42,0,2,0.445526882,5
I_Plata,Bahia Drake,17-10-13,8,8,24,1.42,0,4,0.445526882,5
I_Plata,Bahia Drake,17-10-13,9,8,24,1.42,0,3,0.445526882,5
I_Plata,Bahia Drake,17-10-13,10,8,24,1.42,0,4,0.445526882,5
I_Plata,Bahia Drake,17-10-13,11,8,24,1.42,0,0,0.445526882,5
I_Plata,Bahia Drake,17-10-13,12,8,24,1.42,0,3,0.445526882,5
I_Plata,Bahia Drake,17-10-13,13,8,24,1.42,0,5,0.445526882,5
I_Plata,Bahia Drake,17-10-13,14,8,24,1.42,0,5,0.445526882,5
I_Plata,Bahia Drake,17-10-13,15,8,24,3.3,1,1,0.445526882,5
I_Plata,Bahia Drake,17-10-13,16,8,24,3.3,10,2,0.445526882,5
I_Plata,Acuario,17-10-13,1,8,24,3.3,1,4,0.445526882,3
I_Plata,Acuario,17-10-13,2,8,24,3.3,3,4,0.445526882,3
I_Plata,Acuario,17-10-13,3,8,24,3.3,3,4,0.445526882,3
I_Plata,Acuario,17-10-13,4,8,24,3.3,25,6,0.445526882,3
I_Plata,Acuario,17-10-13,5,8,24,3.3,18,3,0.445526882,3
I_Plata,Acuario,17-10-13,6,8,24,3.3,14,8,0.445526882,3
I_Plata,Acuario,17-10-13,7,8,24,3.3,11,7,0.445526882,3
I_Plata,Acuario,17-10-13,8,8,24,3.3,5,10,0.445526882,3
I_Plata,Acuario,17-10-13,9,8,24,3.3,5,3,0.445526882,3
I_Plata,Acuario,17-10-13,10,8,24,3.3,2,6,0.445526882,3
I_Plata,Acuario,17-10-13,11,8,24,3.3,11,4,0.445526882,3
I_Plata,Acuario,17-10-13,12,8,24,1.76,20,0,0.445526882,3
I_Plata,Acuario,17-10-13,13,8,24,1.76,11,13,0.445526882,3
I_Plata,Acuario,17-10-13,14,8,24,1.76,9,8,0.445526882,3
I_Plata,Acuario,17-10-13,15,8,24,1.76,1,3,0.445526882,3
I_Plata,Acuario,17-10-13,16,8,24,1.76,4,7,0.445526882,3
I_Plata,Acuario,13-03-14,1,9,17,2.2,0,2,1.439393939,4
I_Plata,Acuario,13-03-14,2,9,17,2.2,2,2,1.439393939,4
I_Plata,Acuario,13-03-14,3,9,17,2.2,3,5,1.439393939,4
I_Plata,Acuario,13-03-14,4,9,17,2.2,8,5,1.439393939,4
I_Plata,Acuario,13-03-14,5,9,17,1.9,1,0,1.439393939,4
I_Plata,Acuario,13-03-14,6,9,17,1.9,5,3,1.439393939,4
I_Plata,Acuario,13-03-14,7,9,17,1.9,2,2,1.439393939,4
I_Plata,Acuario,13-03-14,8,9,17,1.9,8,5,1.439393939,4
I_Plata,Acuario,13-03-14,9,9,17,1.9,5,7,1.439393939,4
I_Plata,Acuario,13-03-14,10,9,17,2.5,0,0,1.439393939,4
I_Plata,Acuario,13-03-14,11,9,17,2.5,2,0,1.439393939,4
I_Plata,Acuario,13-03-14,12,9,17,NA,NA,NA,1.439393939,4
I_Plata,Acuario,13-03-14,13,9,17,NA,NA,NA,1.439393939,4
I_Plata,Acuario,13-03-14,14,9,17,NA,NA,NA,1.439393939,4
I_Plata,Acuario,13-03-14,15,9,17,NA,NA,NA,1.439393939,4
I_Plata,Acuario,13-03-14,16,9,17,NA,NA,NA,1.439393939,4
LA,LA,12-07-13,1,9,23,2,3,7,,
LA,LA,12-07-13,2,9,23,2,2,2,,
LA,LA,12-07-13,3,9,23,2,6,9,,
LA,LA,12-07-13,4,9,23,2,0,10,,
LA,LA,12-07-13,5,9,23,2,5,2,,
LA,LA,12-07-13,6,9,23,2,7,8,,
LA,LA,12-07-13,7,9,23,2,4,3,,
LA,LA,12-07-13,8,9,23,2,3,6,,
LA,LA,12-07-13,9,9,23,2,5,13,,
LA,LA,12-07-13,10,9,23,2,4,0,,
LA,LA,12-07-13,11,9,23,2,3,4,,
LA,LA,12-07-13,12,9,23,2,4,11,,
LA,LA,12-07-13,13,9,23,2,5,5,,
LA,LA,12-07-13,14,9,23,2,3,7,,
LA,LA,12-07-13,15,9,23,2,5,4,,
LA,LA,12-07-13,16,9,23,2,5,9,,
LA,LA,01-08-13,1,9,22,2.3,0,7,,
LA,LA,01-08-13,2,9,22,2.3,4,0,,
LA,LA,01-08-13,3,9,22,2.3,3,11,,
LA,LA,01-08-13,4,9,22,2.3,5,3,,
LA,LA,01-08-13,5,9,22,2.3,7,8,,
LA,LA,01-08-13,6,9,22,2.3,2,0,,
LA,LA,01-08-13,7,9,22,2.3,2,1,,
LA,LA,01-08-13,8,9,22,2.3,5,13,,
LA,LA,01-08-13,9,9,22,2.3,0,5,,
LA,LA,01-08-13,10,9,22,2.3,3,3,,
LA,LA,01-08-13,11,9,22,1.8,5,7,,
LA,LA,01-08-13,12,9,22,1.8,5,5,,
LA,LA,01-08-13,13,9,22,1.8,0,5,,
LA,LA,01-08-13,14,9,22,1.8,6,0,,
LA,LA,01-08-13,15,9,22,1.8,1,0,,
LA,LA,01-08-13,16,9,22,1.8,0,3,,
LA,LA,24-09-13,1,9,21,2.5,2,5,,
LA,LA,24-09-13,2,9,21,2.5,1,1,,
LA,LA,24-09-13,3,9,21,2.5,0,2,,
LA,LA,24-09-13,4,9,21,2.5,3,4,,
LA,LA,24-09-13,5,9,21,2.5,1,1,,
LA,LA,24-09-13,6,9,21,2.5,1,5,,
LA,LA,24-09-13,7,9,21,2.5,3,11,,
LA,LA,24-09-13,8,9,21,2.5,5,0,,
LA,LA,24-09-13,9,9,21,2.5,5,9,,
LA,LA,24-09-13,10,9,21,2.5,2,1,,
LA,LA,24-09-13,11,9,21,2.5,5,7,,
LA,LA,24-09-13,12,9,21,2.5,1,5,,
LA,LA,24-09-13,13,9,21,2.5,2,5,,
LA,LA,24-09-13,14,9,21,2.5,0,3,,
LA,LA,24-09-13,15,9,21,2.5,0,9,,
LA,LA,24-09-13,16,9,21,2.5,1,0,,
LA,LA,15-10-13,1,9,22,2.5,3,11,,
LA,LA,15-10-13,2,9,22,2.5,0,7,,
LA,LA,15-10-13,3,9,22,2.5,2,3,,
LA,LA,15-10-13,4,9,22,2.5,7,5,,
LA,LA,15-10-13,5,9,22,2.5,0,2,,
LA,LA,15-10-13,6,9,22,2.5,8,8,,
LA,LA,15-10-13,7,9,22,2.5,0,4,,
LA,LA,15-10-13,8,9,22,2.5,1,5,,
LA,LA,15-10-13,9,9,22,2.5,0,3,,
LA,LA,15-10-13,10,9,22,2.5,5,10,,
LA,LA,15-10-13,11,9,22,2.25,0,4,,
LA,LA,15-10-13,12,9,22,2.25,7,1,,
LA,LA,15-10-13,13,9,22,2.25,5,3,,
LA,LA,15-10-13,14,9,22,2.25,1,5,,
LA,LA,15-10-13,15,9,22,2.25,0,7,,
LA,LA,15-10-13,16,9,22,2.25,0,5,,
LA,LA,29-11-13,1,9,23,2.25,8,5,,
LA,LA,29-11-13,2,9,23,2.25,2,1,,
LA,LA,29-11-13,3,9,23,2.25,2,1,,
LA,LA,29-11-13,4,9,23,2.25,1,4,,
LA,LA,29-11-13,5,9,23,2.25,9,5,,
LA,LA,29-11-13,6,9,23,2.25,0,1,,
LA,LA,29-11-13,7,9,23,2.25,6,4,,
LA,LA,29-11-13,8,9,23,2.25,0,8,,
LA,LA,29-11-13,9,9,23,2.25,3,2,,
LA,LA,29-11-13,10,9,23,2.25,0,8,,
LA,LA,29-11-13,11,9,23,2.38,2,3,,
LA,LA,29-11-13,12,9,23,2.38,2,3,,
LA,LA,29-11-13,13,9,23,2.38,7,6,,
LA,LA,29-11-13,14,9,23,2.38,2,2,,
LA,LA,29-11-13,15,9,23,2.38,11,7,,
LA,LA,29-11-13,16,9,23,2.38,0,0,,
LA,LA,13-12-13,1,9,21,2.38,5,1,,
LA,LA,13-12-13,2,9,21,2.38,8,1,,
LA,LA,13-12-13,3,9,21,2.38,4,1,,
LA,LA,13-12-13,4,9,21,2.38,3,2,,
LA,LA,13-12-13,5,9,21,2.38,10,1,,
LA,LA,13-12-13,6,9,21,2.38,5,3,,
LA,LA,13-12-13,7,9,21,2.38,0,2,,
LA,LA,13-12-13,8,9,21,2.38,8,5,,
LA,LA,13-12-13,9,9,21,2.38,1,0,,
LA,LA,13-12-13,10,9,21,2.38,6,5,,
LA,LA,13-12-13,11,9,21,2.38,27,5,,
LA,LA,13-12-13,12,9,21,2.38,0,1,,
LA,LA,13-12-13,13,9,21,2.38,2,8,,
LA,LA,13-12-13,14,9,21,2.38,5,7,,
LA,LA,13-12-13,15,9,21,2.38,7,4,,
LA,LA,13-12-13,16,9,21,2.38,16,0,,
LA,LA,24-01-14,1,9,19,2.38,6,1,,
LA,LA,24-01-14,2,9,19,2.38,2,0,,
LA,LA,24-01-14,3,9,19,2.38,2,0,,
LA,LA,24-01-14,4,9,19,2.38,1,1,,
LA,LA,24-01-14,5,9,19,2.38,7,5,,
LA,LA,24-01-14,6,9,19,2.38,5,5,,
LA,LA,24-01-14,7,9,19,2.38,6,2,,
LA,LA,24-01-14,8,9,19,2.38,1,2,,
LA,LA,24-01-14,9,9,19,2.38,1,2,,
LA,LA,24-01-14,10,9,19,2.38,0,2,,
LA,LA,24-01-14,11,9,19,2.2,2,2,,
LA,LA,24-01-14,12,9,19,2.2,2,7,,
LA,LA,24-01-14,13,9,19,2.2,16,0,,
LA,LA,24-01-14,14,9,19,2.2,42,0,,
LA,LA,24-01-14,15,9,19,2.2,27,0,,
LA,LA,24-01-14,16,9,19,2.2,15,0,,
LA,LA,15-02-14,1,9,18.5,2.2,3,1,,
LA,LA,15-02-14,2,9,18.5,2.2,0,0,,
LA,LA,15-02-14,3,9,18.5,2.2,0,3,,
LA,LA,15-02-14,4,9,18.5,2.2,5,2,,
LA,LA,15-02-14,5,9,18.5,2.2,3,5,,
LA,LA,15-02-14,6,9,18.5,2.2,2,5,,
LA,LA,15-02-14,7,9,18.5,2.2,5,3,,
LA,LA,15-02-14,8,9,18.5,2.2,0,5,,
LA,LA,15-02-14,9,9,18.5,2.2,0,2,,
LA,LA,15-02-14,10,9,18.5,2.2,7,2,,
LA,LA,15-02-14,11,9,18.5,2.2,0,2,,
LA,LA,15-02-14,12,9,18.5,2.2,1,0,,
LA,LA,15-02-14,13,9,18.5,2.2,4,6,,
LA,LA,15-02-14,14,9,18.5,2.2,6,6,,
LA,LA,15-02-14,15,9,18.5,2.2,0,0,,
LA,LA,15-02-14,16,9,18.5,2.2,0,0,,
LA,LA,08-03-14,1,9,19,2.2,6,1,,
LA,LA,08-03-14,2,9,19,2.2,0,0,,
LA,LA,08-03-14,3,9,18,2.2,3,2,,
LA,LA,08-03-14,4,9,18,2.2,8,1,,
LA,LA,08-03-14,5,9,18,2.2,6,6,,
LA,LA,08-03-14,6,9,18,2.2,9,4,,
LA,LA,08-03-14,7,9,18,2.2,3,7,,
LA,LA,08-03-14,8,9,18,2.2,4,6,,
LA,LA,08-03-14,9,9,18,2.2,2,7,,
LA,LA,08-03-14,10,9,18,2.2,5,8,,
LA,LA,08-03-14,11,9,18,2.45,7,0,,
LA,LA,08-03-14,12,9,18,2.45,0,5,,
LA,LA,08-03-14,13,9,18,2.45,18,4,,
LA,LA,08-03-14,14,9,18,2.45,1,5,,
LA,LA,08-03-14,15,9,18,2.45,0,6,,
LA,LA,08-03-14,16,9,18,2.45,7,7,,
LA,LA,12-04-14,1,9,22.5,2.45,3,1,,
LA,LA,12-04-14,2,9,22.5,2.45,1,2,,
LA,LA,12-04-14,3,9,22.5,2.45,4,0,,
LA,LA,12-04-14,4,9,22.5,2.45,1,1,,
LA,LA,12-04-14,5,9,22.5,2.45,2,2,,
LA,LA,12-04-14,6,9,22.5,2.45,4,2,,
LA,LA,12-04-14,7,9,22.5,2.45,2,0,,
LA,LA,12-04-14,8,9,22.5,2.45,0,1,,
LA,LA,12-04-14,9,9,22.5,2.45,3,2,,
LA,LA,12-04-14,10,9,22.5,2.45,5,4,,
LA,LA,12-04-14,11,9,22.5,2.45,3,3,,
LA,LA,12-04-14,12,9,22.5,2.45,0,1,,
LA,LA,12-04-14,13,9,22.5,2.45,5,2,,
LA,LA,12-04-14,14,9,22.5,2.45,2,0,,
LA,LA,12-04-14,15,9,22.5,2.45,7,7,,
LA,LA,12-04-14,16,9,22.5,2.45,4,0,,
LA,LA,09-05-14,1,9,23,2.45,5,7,,
LA,LA,09-05-14,2,9,23,2.45,4,6,,
LA,LA,09-05-14,3,9,23,2.45,4,5,,
LA,LA,09-05-14,4,9,23,2.45,5,6,,
LA,LA,09-05-14,5,9,23,2.45,9,5,,
LA,LA,09-05-14,6,9,23,2.45,7,6,,
LA,LA,09-05-14,7,9,23,2.45,6,4,,
LA,LA,09-05-14,8,9,23,2.45,6,5,,
LA,LA,09-05-14,9,9,23,2.45,5,7,,
LA,LA,09-05-14,10,9,23,2.45,6,9,,
LA,LA,09-05-14,11,9,23,2.4,7,4,,
LA,LA,09-05-14,12,9,23,2.4,0,5,,
LA,LA,09-05-14,13,9,23,2.4,7,4,,
LA,LA,09-05-14,14,9,23,2.4,4,6,,
LA,LA,09-05-14,15,9,23,2.4,8,8,,
LA,LA,09-05-14,16,9,23,2.4,3,5,,
LA,LA,28-06-14,1,9,23.5,2.4,5,7,,
LA,LA,28-06-14,2,9,23.5,2.4,3,6,,
LA,LA,28-06-14,3,9,23.5,2.4,5,7,,
LA,LA,28-06-14,4,9,23.5,2.4,4,8,,
LA,LA,28-06-14,5,9,23.5,2.4,0,0,,
LA,LA,28-06-14,6,9,23.5,2.4,0,0,,
LA,LA,28-06-14,7,9,23.5,2.4,3,4,,
LA,LA,28-06-14,8,9,23.5,2.4,6,5,,
LA,LA,28-06-14,9,9,23.5,2.4,7,5,,
LA,LA,28-06-14,10,9,23.5,2.8,5,0,,
LA,LA,28-06-14,11,9,23.5,2.8,8,4,,
LA,LA,28-06-14,12,9,23.5,2.8,2,5,,
LA,LA,28-06-14,13,9,23.5,2.8,0,6,,
LA,LA,28-06-14,14,9,23.5,2.8,3,6,,
LA,LA,28-06-14,15,9,23.5,2.8,0,4,,
LA,LA,28-06-14,16,9,23.5,2.8,7,6,,
PS,PS,02-06-13,1,8,24,NA,2,8,,
PS,PS,02-06-13,2,8,24,NA,1,4,,
PS,PS,02-06-13,3,8,24,NA,1,3,,
PS,PS,02-06-13,4,8,24,NA,0,8,,
PS,PS,02-06-13,5,8,24,NA,3,4,,
PS,PS,02-06-13,6,8,24,NA,0,1,,
PS,PS,02-06-13,7,8,24,NA,2,6,,
PS,PS,02-06-13,8,8,24,NA,1,6,,
PS,PS,02-06-13,9,8,24,NA,0,4,,
PS,PS,02-06-13,10,8,24,NA,1,5,,
PS,PS,02-06-13,11,8,24,NA,1,4,,
PS,PS,02-06-13,12,8,24,NA,0,5,,
PS,PS,02-06-13,13,8,24,NA,0,6,,
PS,PS,02-06-13,14,8,24,NA,0,8,,
PS,PS,02-06-13,15,8,24,NA,1,9,,
PS,PS,02-06-13,16,8,24,NA,0,9,,
PS,PS,10-07-13,1,8,24,NA,5,4,,
PS,PS,10-07-13,2,8,24,NA,5,5,,
PS,PS,10-07-13,3,8,24,NA,5,7,,
PS,PS,10-07-13,4,8,24,NA,0,4,,
PS,PS,10-07-13,5,8,24,NA,0,5,,
PS,PS,10-07-13,6,8,24,NA,4,5,,
PS,PS,10-07-13,7,8,24,NA,0,8,,
PS,PS,10-07-13,8,8,24,NA,0,3,,
PS,PS,10-07-13,9,8,24,NA,0,8,,
PS,PS,10-07-13,10,8,24,NA,3,3,,
PS,PS,10-07-13,11,8,24,NA,0,5,,
PS,PS,10-07-13,12,8,24,NA,0,3,,
PS,PS,10-07-13,13,8,24,NA,1,1,,
PS,PS,10-07-13,14,8,24,NA,0,5,,
PS,PS,10-07-13,15,8,24,NA,2,1,,
PS,PS,10-07-13,16,8,24,NA,0,1,,
PS,PS,30-08-13,1,8,24.5,NA,4,8,,
PS,PS,30-08-13,2,8,24.5,NA,0,5,,
PS,PS,30-08-13,3,8,24.5,NA,2,8,,
PS,PS,30-08-13,4,8,24.5,NA,0,11,,
PS,PS,30-08-13,5,8,24.5,NA,0,4,,
PS,PS,30-08-13,6,8,24.5,NA,0,5,,
PS,PS,30-08-13,7,8,24.5,NA,0,7,,
PS,PS,30-08-13,8,8,24.5,NA,0,3,,
PS,PS,30-08-13,9,8,24.5,NA,0,4,,
PS,PS,30-08-13,10,8,24.5,NA,0,5,,
PS,PS,30-08-13,11,8,24.5,NA,1,3,,
PS,PS,30-08-13,12,8,24.5,NA,0,8,,
PS,PS,30-08-13,13,8,24.5,NA,1,5,,
PS,PS,30-08-13,14,8,24.5,NA,0,4,,
PS,PS,30-08-13,15,8,24.5,NA,0,8,,
PS,PS,30-08-13,16,8,24.5,NA,0,8,,
PS,PS,18-09-13,1,8,24.5,NA,0,3,,
PS,PS,18-09-13,2,8,24.5,NA,0,4,,
PS,PS,18-09-13,3,8,24.5,NA,0,4,,
PS,PS,18-09-13,4,8,24.5,NA,1,11,,
PS,PS,18-09-13,5,8,24.5,NA,0,4,,
PS,PS,18-09-13,6,8,24.5,NA,0,6,,
PS,PS,18-09-13,7,8,24.5,NA,0,7,,
PS,PS,18-09-13,8,8,24.5,NA,0,4,,
PS,PS,18-09-13,9,8,24.5,NA,0,7,,
PS,PS,18-09-13,10,8,24.5,NA,0,8,,
PS,PS,18-09-13,11,8,24.5,NA,0,8,,
PS,PS,18-09-13,12,8,24.5,NA,1,4,,
PS,PS,18-09-13,13,8,24.5,NA,0,3,,
PS,PS,18-09-13,14,8,24.5,NA,0,3,,
PS,PS,18-09-13,15,8,24.5,NA,0,7,,
PS,PS,18-09-13,16,8,24.5,NA,0,9,,
PS,PS,11-10-13,1,8,25,NA,0,8,,
PS,PS,11-10-13,2,8,25,NA,0,7,,
PS,PS,11-10-13,3,8,25,NA,0,3,,
PS,PS,11-10-13,4,8,25,NA,0,6,,
PS,PS,11-10-13,5,8,25,NA,0,15,,
PS,PS,11-10-13,6,8,25,NA,0,2,,
PS,PS,11-10-13,7,8,25,NA,0,8,,
PS,PS,11-10-13,8,8,25,NA,0,3,,
PS,PS,11-10-13,9,8,25,NA,0,12,,
PS,PS,11-10-13,10,8,25,NA,1,7,,
PS,PS,11-10-13,11,8,25,NA,0,9,,
PS,PS,11-10-13,12,8,25,NA,0,4,,
PS,PS,11-10-13,13,8,25,NA,1,6,,
PS,PS,11-10-13,14,8,25,NA,0,8,,
PS,PS,11-10-13,15,8,25,NA,1,9,,
PS,PS,11-10-13,16,8,25,NA,0,6,,
PS,PS,27-11-13,1,8,23,NA,4,5,,
PS,PS,27-11-13,2,8,23,NA,0,7,,
PS,PS,27-11-13,3,8,23,NA,2,11,,
PS,PS,27-11-13,4,8,23,NA,0,7,,
PS,PS,27-11-13,5,8,23,NA,0,13,,
PS,PS,27-11-13,6,8,23,NA,0,4,,
PS,PS,27-11-13,7,8,23,NA,0,6,,
PS,PS,27-11-13,8,8,23,NA,0,5,,
PS,PS,27-11-13,9,8,23,NA,0,4,,
PS,PS,27-11-13,10,8,23,NA,0,1,,
PS,PS,27-11-13,11,8,23,NA,0,5,,
PS,PS,27-11-13,12,8,23,NA,0,1,,
PS,PS,27-11-13,13,8,23,NA,0,3,,
PS,PS,27-11-13,14,8,23,NA,0,5,,
PS,PS,27-11-13,15,8,23,NA,0,4,,
PS,PS,27-11-13,16,8,23,NA,0,4,,
PS,PS,18-12-13,1,8,22,NA,1,7,,
PS,PS,18-12-13,2,8,22,NA,1,5,,
PS,PS,18-12-13,3,8,22,NA,1,9,,
PS,PS,18-12-13,4,8,22,NA,0,4,,
PS,PS,18-12-13,5,8,22,NA,0,5,,
PS,PS,18-12-13,6,8,22,NA,1,8,,
PS,PS,18-12-13,7,8,22,NA,0,9,,
PS,PS,18-12-13,8,8,22,NA,1,4,,
PS,PS,18-12-13,9,8,22,NA,1,12,,
PS,PS,18-12-13,10,8,22,NA,0,1,,
PS,PS,18-12-13,11,8,22,NA,0,2,,
PS,PS,18-12-13,12,8,22,NA,1,8,,
PS,PS,18-12-13,13,8,22,NA,1,6,,
PS,PS,18-12-13,14,8,22,NA,0,4,,
PS,PS,18-12-13,15,8,22,NA,0,5,,
PS,PS,18-12-13,16,8,22,NA,1,3,,
PS,PS,12-01-14,1,8,23,NA,0,12,,
PS,PS,12-01-14,2,8,23,NA,0,3,,
PS,PS,12-01-14,3,8,23,NA,0,11,,
PS,PS,12-01-14,4,8,23,NA,1,7,,
PS,PS,12-01-14,5,8,23,NA,0,9,,
PS,PS,12-01-14,6,8,23,NA,1,5,,
PS,PS,12-01-14,7,8,23,NA,0,2,,
PS,PS,12-01-14,8,8,23,NA,1,5,,
PS,PS,12-01-14,9,8,23,NA,1,1,,
PS,PS,12-01-14,10,8,23,NA,1,7,,
PS,PS,12-01-14,11,8,23,NA,0,6,,
PS,PS,12-01-14,12,8,23,NA,0,5,,
PS,PS,12-01-14,13,8,23,NA,0,4,,
PS,PS,12-01-14,14,8,23,NA,0,9,,
PS,PS,12-01-14,15,8,23,NA,0,9,,
PS,PS,12-01-14,16,8,23,NA,0,6,,
PS,PS,08-02-14,1,8,26,NA,2,6,,
PS,PS,08-02-14,2,8,26,NA,0,4,,
PS,PS,08-02-14,3,8,26,NA,4,1,,
PS,PS,08-02-14,4,8,26,NA,0,10,,
PS,PS,08-02-14,5,8,26,NA,0,1,,
PS,PS,08-02-14,6,8,26,NA,0,3,,
PS,PS,08-02-14,7,8,26,NA,2,6,,
PS,PS,08-02-14,8,8,26,NA,0,3,,
PS,PS,08-02-14,9,8,26,NA,2,1,,
PS,PS,08-02-14,10,8,26,NA,0,10,,
PS,PS,08-02-14,11,8,26,NA,0,12,,
PS,PS,08-02-14,12,8,26,NA,0,8,,
PS,PS,08-02-14,13,8,26,NA,0,0,,
PS,PS,08-02-14,14,8,26,NA,0,9,,
PS,PS,08-02-14,15,8,26,NA,0,12,,
PS,PS,08-02-14,16,8,26,NA,0,5,,
PS,PS,05-03-14,1,8,25,NA,0,7,,
PS,PS,05-03-14,2,8,25,NA,1,8,,
PS,PS,05-03-14,3,8,25,NA,0,9,,
PS,PS,05-03-14,4,8,25,NA,0,3,,
PS,PS,05-03-14,5,8,25,NA,0,0,,
PS,PS,05-03-14,6,8,25,NA,1,3,,
PS,PS,05-03-14,7,8,25,NA,1,3,,
PS,PS,05-03-14,8,8,25,NA,0,6,,
PS,PS,05-03-14,9,8,25,NA,0,8,,
PS,PS,05-03-14,10,8,25,NA,1,7,,
PS,PS,05-03-14,11,8,25,NA,0,5,,
PS,PS,05-03-14,12,8,25,NA,1,0,,
PS,PS,05-03-14,13,8,25,NA,0,8,,
PS,PS,05-03-14,14,8,25,NA,0,6,,
PS,PS,05-03-14,15,8,25,NA,0,2,,
PS,PS,05-03-14,16,8,25,NA,1,0,,
PS,PS,23-04-14,1,8,25,NA,0,7,,
PS,PS,23-04-14,2,8,25,NA,0,8,,
PS,PS,23-04-14,3,8,25,NA,2,9,,
PS,PS,23-04-14,4,8,25,NA,0,3,,
PS,PS,23-04-14,5,8,25,NA,0,0,,
PS,PS,23-04-14,6,8,25,NA,1,3,,
PS,PS,23-04-14,7,8,25,NA,0,3,,
PS,PS,23-04-14,8,8,25,NA,0,6,,
PS,PS,23-04-14,9,8,25,NA,1,8,,
PS,PS,23-04-14,10,8,25,NA,0,7,,
PS,PS,23-04-14,11,8,25,NA,0,5,,
PS,PS,23-04-14,12,8,25,NA,0,0,,
PS,PS,23-04-14,13,8,25,NA,0,8,,
PS,PS,23-04-14,14,8,25,NA,0,0,,
PS,PS,23-04-14,15,8,25,NA,0,0,,
PS,PS,23-04-14,16,8,25,NA,0,0,,
PS,PS,10-05-14,1,8,24,NA,0,2,,
PS,PS,10-05-14,2,8,24,NA,0,2,,
PS,PS,10-05-14,3,8,24,NA,3,7,,
PS,PS,10-05-14,4,8,24,NA,0,1,,
PS,PS,10-05-14,5,8,24,NA,0,8,,
PS,PS,10-05-14,6,8,24,NA,1,1,,
PS,PS,10-05-14,7,8,24,NA,0,1,,
PS,PS,10-05-14,8,8,24,NA,1,7,,
PS,PS,10-05-14,9,8,24,NA,0,5,,
PS,PS,10-05-14,10,8,24,NA,2,6,,
PS,PS,10-05-14,11,8,24,NA,0,8,,
PS,PS,10-05-14,12,8,24,NA,0,3,,
PS,PS,10-05-14,13,8,24,NA,1,5,,
PS,PS,10-05-14,14,8,24,NA,0,7,,
PS,PS,10-05-14,15,8,24,NA,0,1,,
PS,PS,10-05-14,16,8,24,NA,1,0,,
PS,PS,22-06-14,1,8,25,NA,0,1,,
PS,PS,22-06-14,2,8,25,NA,0,7,,
PS,PS,22-06-14,3,8,25,NA,0,0,,
PS,PS,22-06-14,4,8,25,NA,0,2,,
PS,PS,22-06-14,5,8,25,NA,0,1,,
PS,PS,22-06-14,6,8,25,NA,0,0,,
PS,PS,22-06-14,7,8,25,NA,0,6,,
PS,PS,22-06-14,8,8,25,NA,0,5,,
PS,PS,22-06-14,9,8,25,NA,0,1,,
PS,PS,22-06-14,10,8,25,NA,0,6,,
PS,PS,22-06-14,11,8,25,NA,0,8,,
PS,PS,22-06-14,12,8,25,NA,0,9,,
PS,PS,22-06-14,13,8,25,NA,0,2,,
PS,PS,22-06-14,14,8,25,NA,0,7,,
PS,PS,22-06-14,15,8,25,NA,0,0,,
PS,PS,22-06-14,16,8,25,NA,0,1,,
QNG,QNG,19-06-14,1,8.5,21.5,NA,25,1,,
QNG,QNG,19-06-14,2,8.5,21.5,NA,0,0,,
QNG,QNG,19-06-14,3,8.5,21.5,NA,22,0,,
QNG,QNG,19-06-14,4,8.5,21.5,NA,15,0,,
QNG,QNG,19-06-14,5,8.5,21.5,NA,18,1,,
QNG,QNG,19-06-14,6,8.5,21.5,NA,12,0,,
QNG,QNG,19-06-14,7,8.5,21.5,NA,5,5,,
QNG,QNG,19-06-14,8,8.5,21.5,NA,18,5,,
QNG,QNG,19-06-14,9,8.5,21.5,NA,0,5,,
QNG,QNG,19-06-14,10,8.5,21.5,NA,0,0,,
QNG,QNG,19-06-14,11,8.5,21.5,NA,20,0,,
QNG,QNG,19-06-14,12,8.5,21.5,NA,18,4,,
QNG,QNG,19-06-14,13,8.5,21.5,NA,26,0,,
QNG,QNG,19-06-14,14,8.5,21.5,NA,32,0,,
QNG,QNG,19-06-14,15,8.5,20,NA,5,0,,
QNG,QNG,19-06-14,16,8.5,20,NA,30,3,,
QNG,QNG,19-06-14,1,8.5,20,NA,9,0,,
QNG,QNG,19-06-14,2,8.5,20,NA,10,0,,
QNG,QNG,19-06-14,3,8.5,20,NA,5,1,,
QNG,QNG,19-06-14,4,8.5,20,NA,25,0,,
QNG,QNG,19-06-14,5,8.5,20,NA,1,2,,
QNG,QNG,19-06-14,6,8.5,20,NA,36,0,,
QNG,QNG,19-06-14,7,8.5,20,NA,25,3,,
QNG,QNG,19-06-14,8,8.5,20,NA,18,0,,
QNG,QNG,19-06-14,9,8.5,20,NA,27,0,,
QNG,QNG,19-06-14,10,8.5,20,NA,15,1,,
QNG,QNG,19-06-14,11,8.5,20,NA,24,0,,
QNG,QNG,19-06-14,12,8.5,20,NA,0,2,,
QNG,QNG,19-06-14,13,8.5,20,NA,33,0,,
QNG,QNG,19-06-14,14,8.5,20,NA,0,4,,
QNG,QNG,19-06-14,15,8.5,20,NA,6,0,,
QNG,QNG,19-06-14,16,8.5,20,NA,19,0,,
QNG,QNG,19-06-14,17,8.5,20,NA,28,0,,
QNG,QNG,19-06-14,18,8.5,20,NA,39,2,,
QNG,QNG,19-06-14,19,8.5,20,NA,0,5,,
QNG,QNG,19-06-14,20,8.5,20,NA,7,6,,
QNG,QNG,19-06-14,21,8.5,20,NA,8,7,,
QNG,QNG,19-06-14,22,8.5,20,NA,10,0,,
QNG,QNG,19-06-14,23,8.5,20,NA,15,0,,
QNG,QNG,19-06-14,24,8.5,20,NA,12,1,,
QNG,QNG,19-06-14,25,8.5,20,NA,0,0,,
QNG,QNG,19-06-14,26,8.5,20,NA,28,5,,
QNG,QNG,27-04-15,1,5,27,NA,20,5,,
QNG,QNG,27-04-15,2,5,27,NA,17,5,,
QNG,QNG,27-04-15,3,5,27,NA,30,5,,
QNG,QNG,27-04-15,4,5,27,NA,10,5,,
QNG,QNG,27-04-15,5,5,27,NA,15,10,,
QNG,QNG,27-04-15,6,5,27,NA,21,10,,
QNG,QNG,27-04-15,7,5,27,NA,10,11,,
QNG,QNG,27-04-15,8,5,27,NA,14,8,,
QNG,QNG,27-04-15,9,5,27,NA,22,12,,
QNG,QNG,27-04-15,10,5,27,NA,17,9,,
QNG,QNG,27-04-15,11,5,27,NA,13,10,,
QNG,QNG,27-04-15,12,5,27,NA,8,5,,
QNG,QNG,27-04-15,13,5,27,NA,36,8,,
QNG,QNG,27-04-15,14,5,27,NA,42,4,,
QNG,QNG,27-04-15,15,5,27,NA,32,8,,
QNG,QNG,27-04-15,16,5,27,NA,23,11,,
QNG,QNG,25-04-15,1,10,26,NA,7,7,,
QNG,QNG,25-04-15,2,10,26,NA,6,7,,
QNG,QNG,25-04-15,3,10,26,NA,0,0,,
QNG,QNG,25-04-15,4,10,26,NA,7,8,,
QNG,QNG,25-04-15,5,10,26,NA,3,9,,
QNG,QNG,25-04-15,6,10,26,NA,5,10,,
QNG,QNG,25-04-15,7,10,26,NA,0,8,,
QNG,QNG,25-04-15,8,10,26,NA,0,9,,
QNG,QNG,25-04-15,9,10,26,NA,0,9,,
QNG,QNG,25-04-15,10,10,26,NA,9,5,,
QNG,QNG,25-04-15,11,10,26,NA,0,5,,
QNG,QNG,25-04-15,12,10,26,NA,9,7,,
QNG,QNG,25-04-15,13,10,26,NA,0,6,,
QNG,QNG,25-04-15,14,10,26,NA,4,7,,
QNG,QNG,25-04-15,15,10,26,NA,0,8,,
QNG,QNG,25-04-15,16,10,26,NA,6,6,,
QNG,QNG,25-04-15,1,15,27,NA,0,4,,
QNG,QNG,25-04-15,2,15,27,NA,0,1,,
QNG,QNG,25-04-15,3,15,27,NA,0,5,,
QNG,QNG,25-04-15,4,15,27,NA,0,5,,
QNG,QNG,25-04-15,5,15,27,NA,4,2,,
QNG,QNG,25-04-15,6,15,27,NA,0,0,,
QNG,QNG,25-04-15,7,15,27,NA,3,0,,
QNG,QNG,25-04-15,8,15,27,NA,0,2,,
QNG,QNG,25-04-15,9,15,27,NA,1,0,,
QNG,QNG,25-04-15,10,15,27,NA,0,2,,
QNG,QNG,25-04-15,11,15,27,NA,0,0,,
QNG,QNG,25-04-15,12,15,27,NA,0,3,,
QNG,QNG,25-04-15,13,15,27,NA,3,3,,
QNG,QNG,25-04-15,14,15,27,NA,0,4,,
QNG,QNG,25-04-15,15,15,27,NA,0,0,,
QNG,QNG,25-04-15,16,15,27,NA,0,0,,
Ureles ,Ureles ,08-05-13,1,11.5,24,NA,2,1,,
Ureles ,Ureles ,08-05-13,2,11.5,24,NA,1,2,,
Ureles ,Ureles ,08-05-13,3,11.5,24,NA,0,3,,
Ureles ,Ureles ,08-05-13,4,11.5,24,NA,2,3,,
Ureles ,Ureles ,08-05-13,5,11.5,24,NA,2,3,,
Ureles ,Ureles ,08-05-13,6,11.5,24,NA,2,0,,
Ureles ,Ureles ,08-05-13,7,11.5,24,NA,2,0,,
Ureles ,Ureles ,08-05-13,8,11.5,24,NA,0,4,,
Ureles ,Ureles ,08-05-13,9,11.5,24,NA,2,3,,
Ureles ,Ureles ,08-05-13,10,11.5,24,NA,2,0,,
Ureles ,Ureles ,08-05-13,11,11.5,24,NA,3,0,,
Ureles ,Ureles ,08-05-13,12,11.5,24,NA,0,0,,
Ureles ,Ureles ,08-05-13,13,11.5,24,NA,0,2,,
Ureles ,Ureles ,08-05-13,14,11.5,24,NA,NA,NA,,
Ureles ,Ureles ,08-05-13,15,11.5,24,NA,NA,NA,,
Ureles ,Ureles ,08-05-13,16,11.5,24,NA,NA,NA,,
Ureles ,Ureles ,05-06-13,1,7,24,NA,2,0,,
Ureles ,Ureles ,05-06-13,2,7,24,NA,0,3,,
Ureles ,Ureles ,05-06-13,3,7,24,NA,2,2,,
Ureles ,Ureles ,05-06-13,4,7,24,NA,1,3,,
Ureles ,Ureles ,05-06-13,5,7,24,NA,2,4,,
Ureles ,Ureles ,05-06-13,6,7,24,NA,1,0,,
Ureles ,Ureles ,05-06-13,7,7,24,NA,0,3,,
Ureles ,Ureles ,05-06-13,8,7,24,NA,2,0,,
Ureles ,Ureles ,05-06-13,9,7,24,NA,0,4,,
Ureles ,Ureles ,05-06-13,10,7,24,NA,2,2,,
Ureles ,Ureles ,05-06-13,11,7,24,NA,0,0,,
Ureles ,Ureles ,05-06-13,12,7,24,NA,0,0,,
Ureles ,Ureles ,05-06-13,13,7,24,NA,NA,NA,,
Ureles ,Ureles ,05-06-13,14,7,24,NA,NA,NA,,
Ureles ,Ureles ,05-06-13,15,7,24,NA,NA,NA,,
Ureles ,Ureles ,05-06-13,16,7,24,NA,NA,NA,,
Ureles ,Ureles ,19-06-13,1,9,24,NA,4,3,,
Ureles ,Ureles ,19-06-13,2,9,24,NA,0,5,,
Ureles ,Ureles ,19-06-13,3,9,24,NA,0,5,,
Ureles ,Ureles ,19-06-13,4,9,24,NA,4,5,,
Ureles ,Ureles ,19-06-13,5,9,24,NA,0,10,,
Ureles ,Ureles ,19-06-13,6,9,24,NA,2,3,,
Ureles ,Ureles ,19-06-13,7,9,24,NA,4,10,,
Ureles ,Ureles ,19-06-13,8,9,24,NA,0,5,,
Ureles ,Ureles ,19-06-13,9,9,24,NA,2,5,,
Ureles ,Ureles ,19-06-13,10,9,24,NA,0,10,,
Ureles ,Ureles ,19-06-13,11,9,24,NA,3,6,,
Ureles ,Ureles ,19-06-13,12,9,24,NA,2,3,,
Ureles ,Ureles ,19-06-13,13,9,24,NA,4,8,,
Ureles ,Ureles ,19-06-13,14,9,24,NA,NA,NA,,
Ureles ,Ureles ,19-06-13,15,9,24,NA,NA,NA,,
Ureles ,Ureles ,19-06-13,16,9,24,NA,NA,NA,,
Ureles ,Ureles ,26-07-13,1,8.5,24,NA,0,3,,
Ureles ,Ureles ,26-07-13,2,8.5,24,NA,2,5,,
Ureles ,Ureles ,26-07-13,3,8.5,24,NA,3,0,,
Ureles ,Ureles ,26-07-13,4,8.5,24,NA,3,7,,
Ureles ,Ureles ,26-07-13,5,8.5,24,NA,0,12,,
Ureles ,Ureles ,26-07-13,6,8.5,24,NA,1,7,,
Ureles ,Ureles ,26-07-13,7,8.5,24,NA,0,3,,
Ureles ,Ureles ,26-07-13,8,8.5,24,NA,0,6,,
Ureles ,Ureles ,26-07-13,9,8.5,24,NA,1,5,,
Ureles ,Ureles ,26-07-13,10,8.5,24,NA,2,1,,
Ureles ,Ureles ,26-07-13,11,8.5,24,NA,3,5,,
Ureles ,Ureles ,26-07-13,12,8.5,24,NA,6,12,,
Ureles ,Ureles ,26-07-13,13,8.5,24,NA,4,4,,
Ureles ,Ureles ,26-07-13,14,8.5,24,NA,1,5,,
Ureles ,Ureles ,26-07-13,15,8.5,24,NA,3,5,,
Ureles ,Ureles ,26-07-13,16,8.5,24,NA,0,5,,
Ureles ,Ureles ,10-08-13,1,8.5,23,NA,1,4,,
Ureles ,Ureles ,10-08-13,2,8.5,23,NA,3,6,,
Ureles ,Ureles ,10-08-13,3,8.5,23,NA,0,9,,
Ureles ,Ureles ,10-08-13,4,8.5,23,NA,4,10,,
Ureles ,Ureles ,10-08-13,5,8.5,23,NA,4,7,,
Ureles ,Ureles ,10-08-13,6,8.5,23,NA,5,10,,
Ureles ,Ureles ,10-08-13,7,8.5,23,NA,5,9,,
Ureles ,Ureles ,10-08-13,8,8.5,23,NA,7,5,,
Ureles ,Ureles ,10-08-13,9,8.5,23,NA,NA,NA,,
Ureles ,Ureles ,10-08-13,10,8.5,23,NA,NA,NA,,
Ureles ,Ureles ,10-08-13,11,8.5,23,NA,NA,NA,,
Ureles ,Ureles ,10-08-13,12,8.5,23,NA,NA,NA,,
Ureles ,Ureles ,10-08-13,13,8.5,23,NA,NA,NA,,
Ureles ,Ureles ,10-08-13,14,8.5,23,NA,NA,NA,,
Ureles ,Ureles ,10-08-13,15,8.5,23,NA,NA,NA,,
Ureles ,Ureles ,10-08-13,16,8.5,23,NA,NA,NA,,
Ureles ,Ureles ,11-10-13,1,9,25,NA,0,17,,
Ureles ,Ureles ,11-10-13,2,9,25,NA,0,10,,
Ureles ,Ureles ,11-10-13,3,9,25,NA,0,25,,
Ureles ,Ureles ,11-10-13,4,9,25,NA,1,21,,
Ureles ,Ureles ,11-10-13,5,9,25,NA,1,22,,
Ureles ,Ureles ,11-10-13,6,9,25,NA,3,24,,
Ureles ,Ureles ,11-10-13,7,9,25,NA,2,17,,
Ureles ,Ureles ,11-10-13,8,9,25,NA,0,22,,
Ureles ,Ureles ,11-10-13,9,9,25,NA,0,21,,
Ureles ,Ureles ,11-10-13,10,9,25,NA,0,17,,
Ureles ,Ureles ,11-10-13,11,9,25,NA,0,23,,
Ureles ,Ureles ,11-10-13,12,9,25,NA,1,26,,
Ureles ,Ureles ,11-10-13,13,9,25,NA,NA,NA,,
Ureles ,Ureles ,11-10-13,14,9,25,NA,NA,NA,,
Ureles ,Ureles ,11-10-13,15,9,25,NA,NA,NA,,
Ureles ,Ureles ,11-10-13,16,9,25,NA,NA,NA,,
Ureles ,Ureles ,08-11-13,1,9,23,NA,3,8,,
Ureles ,Ureles ,08-11-13,2,9,23,NA,1,4,,
Ureles ,Ureles ,08-11-13,3,9,23,NA,1,14,,
Ureles ,Ureles ,08-11-13,4,9,23,NA,1,10,,
Ureles ,Ureles ,08-11-13,5,9,23,NA,0,6,,
Ureles ,Ureles ,08-11-13,6,9,23,NA,0,14,,
Ureles ,Ureles ,08-11-13,7,9,23,NA,0,7,,
Ureles ,Ureles ,08-11-13,8,9,23,NA,2,8,,
Ureles ,Ureles ,08-11-13,9,9,23,NA,0,4,,
Ureles ,Ureles ,08-11-13,10,9,23,NA,0,3,,
Ureles ,Ureles ,08-11-13,11,9,23,NA,1,4,,
Ureles ,Ureles ,08-11-13,12,9,23,NA,2,9,,
Ureles ,Ureles ,08-11-13,13,9,23,NA,2,12,,
Ureles ,Ureles ,08-11-13,14,9,23,NA,4,6,,
Ureles ,Ureles ,08-11-13,15,9,23,NA,1,4,,
Ureles ,Ureles ,08-11-13,16,9,23,NA,1,2,,
Ureles ,Ureles ,18-12-13,1,9,22,NA,0,16,,
Ureles ,Ureles ,18-12-13,2,9,22,NA,0,17,,
Ureles ,Ureles ,18-12-13,3,9,22,NA,0,12,,
Ureles ,Ureles ,18-12-13,4,9,22,NA,1,16,,
Ureles ,Ureles ,18-12-13,5,9,22,NA,3,12,,
Ureles ,Ureles ,18-12-13,6,9,22,NA,0,31,,
Ureles ,Ureles ,18-12-13,7,9,22,NA,5,5,,
Ureles ,Ureles ,18-12-13,8,9,22,NA,0,6,,
Ureles ,Ureles ,18-12-13,9,9,22,NA,2,4,,
Ureles ,Ureles ,18-12-13,10,9,22,NA,3,3,,
Ureles ,Ureles ,18-12-13,11,9,22,NA,NA,NA,,
Ureles ,Ureles ,18-12-13,12,9,22,NA,NA,NA,,
Ureles ,Ureles ,18-12-13,13,9,22,NA,NA,NA,,
Ureles ,Ureles ,18-12-13,14,9,22,NA,NA,NA,,
Ureles ,Ureles ,18-12-13,15,9,22,NA,NA,NA,,
Ureles ,Ureles ,18-12-13,16,9,22,NA,NA,NA,,
Ureles ,Ureles ,08-02-14,1,8.8,26,NA,2,5,,
Ureles ,Ureles ,08-02-14,2,8.8,26,NA,0,1,,
Ureles ,Ureles ,08-02-14,3,8.8,26,NA,1,4,,
Ureles ,Ureles ,08-02-14,4,8.8,26,NA,1,,,
Ureles ,Ureles ,08-02-14,5,8.8,26,NA,3,10,,
Ureles ,Ureles ,08-02-14,6,8.8,26,NA,3,3,,
Ureles ,Ureles ,08-02-14,7,8.8,26,NA,3,3,,
Ureles ,Ureles ,08-02-14,8,8.8,26,NA,1,6,,
Ureles ,Ureles ,08-02-14,9,8.8,26,NA,1,10,,
Ureles ,Ureles ,08-02-14,10,8.8,26,NA,2,3,,
Ureles ,Ureles ,08-02-14,11,8.8,26,NA,5,7,,
Ureles ,Ureles ,08-02-14,12,8.8,26,NA,2,2,,
Ureles ,Ureles ,08-02-14,13,8.8,26,NA,1,7,,
Ureles ,Ureles ,08-02-14,14,8.8,26,NA,4,4,,
Ureles ,Ureles ,08-02-14,15,8.8,26,NA,3,10,,
Ureles ,Ureles ,08-02-14,16,8.8,26,NA,4,12,,
Ureles ,Ureles ,23-04-14,1,9,25,NA,1,2,,
Ureles ,Ureles ,23-04-14,2,9,25,NA,0,1,,
Ureles ,Ureles ,23-04-14,3,9,25,NA,0,1,,
Ureles ,Ureles ,23-04-14,4,9,25,NA,0,1,,
Ureles ,Ureles ,23-04-14,5,9,25,NA,1,1,,
Ureles ,Ureles ,23-04-14,6,9,25,NA,0,2,,
Ureles ,Ureles ,23-04-14,7,9,25,NA,2,2,,
Ureles ,Ureles ,23-04-14,8,9,25,NA,1,2,,
Ureles ,Ureles ,23-04-14,9,9,25,NA,0,1,,
Ureles ,Ureles ,23-04-14,10,9,25,NA,0,1,,
Ureles ,Ureles ,23-04-14,11,9,25,NA,0,2,,
Ureles ,Ureles ,23-04-14,12,9,25,NA,2,1,,
Ureles ,Ureles ,23-04-14,13,9,25,NA,1,2,,
Ureles ,Ureles ,23-04-14,14,9,25,NA,1,1,,
Ureles ,Ureles ,23-04-14,15,9,25,NA,NA,NA,,
Ureles ,Ureles ,23-04-14,16,9,25,NA,NA,NA,,
